X;Y;objectid;numero_estacion;nombre_estacion;coordenada_x_estacion;coordenada_y_estacion;ubicacion_estacion;zona;troncal_estacion;numero_vagones_estacion;numero_accesos_estacion;biciestacion_estacion;capacidad_biciestacion_estacion;tipo_estacion;biciparqueadero_estacion;latitud_estacion;longitud_estacion;globalid;created_user;created_date;last_edited_user;last_edited_date;codigo_nodo_estacion;componente_wifi;componente_aplificacion;log_replica;id_trazado_troncal
-740.745.615.627.404;466.634.138.453.863;1;2000;Portal Norte;10.034.915.788;10.175.185.086;CL 173;B;Autonorte;0;0;0;0;1;0;475.462.117;-7.404.603.495;{F055422B-BD16-4DCE-BEEF-2AD5D8D0D555};;;TECNICA;2023/08/15 22:43:40+00;7103;;;;TZ008
-740.990.475.915.766;46.468.808.881.934;2;2001;Calle 187;10.036.724.828;10.184.815.753;CL 184;B;Autonorte;4;1;0;0;4;0;476.333.017;-7.404.440.387;{AD7C6926-90EC-428C-A4D8-46FBB826A717};;;editorTroncal;2023/12/14 21:42:19+00;6103;;;;TZ016
-740.786.991.285.729;464.539.603.019.043;3;2101;Toberin - Foundever;10.033.546.798;10.165.859.596;CL 165;B;Autonorte;5;1;0;0;4;0;474.618.812;-7.404.726.932;{FE684396-CDD5-44E5-A998-85528256441F};;;editorTroncal;2023/12/05 18:53:22+00;7106;;;;TZ008
-740.714.966.957.184;461.089.732.815.177;4;2102;Calle 161;10.032.751.891;10.161.131.876;CL 160;B;Autonorte;4;1;0;0;4;0;474.191.284;-7.404.798.602;{54948C3D-058F-4370-83C8-58688E9CADA8};;;editorTroncal;2023/12/14 23:03:59+00;10008;;;;TZ018
-740.960.155.145.355;469.914.792.021.659;5;2103;Mazurén;10.031.385.941;10.153.028.731;CL 152;B;Autonorte;5;1;0;0;4;0;473.458.516;-7.404.921.756;{60A28773-5F3D-43BF-B831-F4057A66E641};;;editorTroncal;2023/12/14 20:33:14+00;4100;;;;TZ005
-740.938.688.766.199;461.168.619.527.402;6;2104;Calle 146;10.030.715.916;10.148.946.251;CL 146;B;Autonorte;3;1;0;0;4;0;473.089.336;-7.404.982.164;{D0ECBA3C-15C3-4BD6-AF72-6784BF12FE09};;;TECNICA;2023/08/15 22:43:40+00;7111;;;;TZ008
-741.087.256.048.565;47.067.438.501.003;7;2105;Calle 142;10.029.952.739;10.144.476.377;CL 142;B;Autonorte;4;1;0;0;4;0;472.685.125;-740.505.097;{91B40CB7-A9D6-4F32-BF8F-0999D9391CEB};;;editorTroncal;2023/12/14 21:39:51+00;4001;;;;TZ005
-740.656.178.330.199;469.039.830.253.579;8;2200;Alcalá;10.028.905.473;10.138.179.858;CL 137;B;Autonorte;3;2;0;0;4;0;47.211.573;-7.405.145.388;{903304A2-2C9D-4637-9280-1FAEE0CA0E35};;;TECNICA;2023/08/15 22:43:40+00;3011;;;;TZ003
-740.713.102.127.949;467.015.567.406.064;9;2201;Prado;10.027.670.626;1.013.088.429;CL 128 B;B;Autonorte;3;1;0;0;4;0;47.145.599;-7.405.256.715;{1DE35685-5378-460A-9841-A6D311113E10};;;TECNICA;2023/08/15 22:43:40+00;7102;;;;TZ008
-740.871.127.746.424;469.395.205.475.174;10;2202;Calle 127;10.025.826.987;10.119.915.179;CL 127;B;Autonorte;2;1;0;0;4;0;47.046.405;-7.405.422.923;{81877016-887A-473C-9034-1BB2769B9E67};;;TECNICA;2023/08/15 22:43:40+00;4102;;;;TZ005
-741.200.936.793.746;457.585.398.823.364;11;2204;Pepe Sierra;10.024.641.816;10.112.710.169;CL 116;B;Autonorte;2;1;0;0;4;0;469.812.498;-7.405.529.767;{A6CFD1BA-5C86-4A02-B394-587B3E8F532D};;;editorTroncal;2023/12/14 21:46:14+00;9100;;;;TZ012
-741.342.250.516.118;463.011.339.711.252;12;2205;Calle 106;10.023.664.862;10.107.022.829;CL 106;B;Autonorte;4;1;0;0;4;0;46.929.819;-7.405.617.838;{57C95B7D-54E7-4317-BE9A-0733D271606B};;;editorTroncal;2023/12/14 21:14:48+00;5102;;;;TZ009
-741.301.629.204.737;46.296.856.099.266;13;2300;Calle 100 - Marketmedios;1.002.198.146;10.097.031.476;CL 97;B;Autonorte;3;2;0;0;4;0;468.394.667;-7.405.769.591;{2B78B0E7-8BD5-4D5F-836A-49B6A7F919BD};;;editorTroncal;2023/12/14 21:39:51+00;5103;;;;TZ009
-740.722.815.173.587;471.193.003.766.027;14;2302;Virrey;10.020.521.007;10.088.237.225;CL 90;B;Autonorte;3;1;0;0;4;0;467.599.399;-7.405.901.243;{5CEAF8A4-0F6C-4A5A-8B38-30241CA522F0};;;editorTroncal;2023/12/14 21:39:51+00;3006;;;;TZ003
-740.910.562.668.743;47.425.428.414.417;15;2303;Calle 85;1.001.982.479;10.084.169.027;CL 85;B;Autonorte;4;1;0;0;4;0;46.723.151;-7.405.964.002;{42A12F7D-B19D-498E-9CB9-BC364F6F7AEE};;;TECNICA;2023/08/15 22:43:40+00;3001;;;;TZ003
-741.520.629.177.544;463.419.960.970.753;16;2304;Héroes - Gel´Hada;1.001.907.884;10.079.548.061;CL 80;B;Autonorte;6;1;0;0;4;0;466.813.633;-7.406.031.244;{D2034E56-C94F-49F2-9424-6E1420ADE93E};;;TECNICA;2023/08/15 22:43:40+00;5005;;;;TZ009
-740.896.937.112.401;463.431.420.146.854;17;2502;Terminal;10.037.650.206;10.190.884.638;CL 190;B;Autonorte;4;1;0;0;4;0;476.881.827;-7.404.356.946;{122D1585-5496-487F-9001-2149C0DB5458};;;editorTroncal;2023/12/14 21:42:19+00;6106;;;;TZ016
-740.949.273.673.886;460.417.877.515.058;18;3000;Portal Suba;9.981.394.242;10.166.552.375;Av Suba Av C. Cali;C;Suba;0;0;1;324;1;1;474.681.506;-7.409.427.889;{2F48161E-568F-42BC-B625-66D45B9C0FA9};;;editorTroncal;2023/12/14 21:42:19+00;13003;;;;TZ007
-740.939.528.179.184;461.613.268.893.899;19;3001;La Campiña;9.984.969.338;10.161.827.993;Av Suba Kr 98A;C;Suba;2;1;0;0;4;0;474.254.284;-7.409.105.627;{1AD2B63F-1149-4105-B245-22193CFCB1BD};;;editorTroncal;2023/12/14 21:48:18+00;12002;;;;TZ009
-740.835.272.863.979;463.087.977.301.861;20;3002;Suba - TV. 91;9.989.609.438;10.157.725.642;Av Suba Kr 90;C;Suba;2;1;0;0;4;0;473.883.312;-7.408.687.372;{990E22FB-CF44-4CC2-83CD-75019C65AF3D};;;editorTroncal;2023/12/14 21:42:19+00;6107;;;;TZ016
-740.793.211.274.175;463.711.878.522.734;21;3003;21 Ángeles;9.996.288.228;10.153.966.792;Av Suba Cl 136;C;Suba;2;1;0;0;4;0;473.543.402;-740.808.536;{218ADE27-CB61-485A-961E-3B12F3787E12};;;editorTroncal;2023/12/14 21:02:26+00;7107;;;;TZ008
-741.087.599.642.979;466.195.234.965.726;22;3004;Gratamira;10.003.085.843;10.145.013.005;Av Suba Cl 135;C;Suba;2;1;0;0;4;0;472.733.705;-7.407.472.646;{0FD19B6E-AF0B-4272-8D5D-DD4079F93370};;;editorTroncal;2023/12/14 21:39:51+00;6100;;;;TZ016
-740.838.376.385.236;459.812.707.029.748;23;3005;Suba - AV. Boyacá;10.003.085.759;10.138.405.824;Av Suba Av Boyacá;C;Suba;2;2;0;0;4;0;472.136.212;-7.407.472.656;{77390325-584E-401D-AC32-6CDA80F86A77};;;editorTroncal;2023/12/14 21:46:14+00;9109;;;;TZ001
-740.802.804.141.022;462.598.289.480.921;24;3006;Niza - Calle 127;10.005.798.469;10.127.975.673;Av Suba CL 127;C;Suba;2;2;0;0;4;0;471.193.004;-7.407.228.152;{0EB8C5FB-57BF-469D-9AC8-836C3E61FBED};;;editorTroncal;2023/12/14 21:42:19+00;6108;;;;TZ016
-741.237.539.994.384;459.379.207.060.025;25;3007;Humedal Córdoba;10.007.064.471;10.122.012.159;Av Suba CL 119;C;Suba;2;1;0;0;4;0;470.653.717;-7.407.114.047;{26A128B3-4E81-4208-BE42-78E17DDC8125};;;EESTACION;2023/08/15 22:54:31+00;7007;;;;TZ010
-74.077.662.891.166;465.729.067.517.778;26;3009;Suba - Calle 116;10.008.508.283;10.113.943.153;Av Suba CL 114;C;Suba;2;1;0;0;4;0;469.924.029;-7.406.983.919;{3C4A2BC0-FC6D-4A61-B343-284579954276};;;TECNICA;2023/08/15 22:43:40+00;7104;;;;TZ008
-740.804.690.428.983;468.572.563.850.324;27;3010;Puentelargo;10.011.501.478;10.107.364.295;Av Suba Tv 48;C;Suba;2;1;0;0;4;0;469.329.094;-7.406.714.144;{B6BF3FBE-FB1A-4920-92E6-4AABA12B1143};;;editorTroncal;2023/12/14 21:14:23+00;4104;;;;TZ005
-741.115.809.460.857;462.788.590.476.156;28;3011;Suba - Calle 100;1.001.319.195;10.104.165.597;Av Suba Cl 100;C;Suba;2;1;0;0;4;0;46.903.983;-7.406.561.783;{458EDCA4-746E-4CC3-9D1D-B5D9C6ACCBD0};;;editorTroncal;2023/12/14 20:28:25+00;5107;;;;TZ009
-740.647.488.189.029;467.069.262.752.086;29;3012;Suba - Calle 95;10.015.927.282;10.097.725.676;Av Suba Cl 97;C;Suba;2;1;0;0;4;0;468.457.458;-7.406.315.256;{2214F32B-5F2A-4537-A91E-CEE0F3CBF6D5};;;TECNICA;2023/08/15 22:43:40+00;4108;;;;TZ005
-740.887.644.901.875;459.978.261.405.381;30;3013;Rionegro;10.014.205.593;10.093.221.242;Av Suba Cl 87;C;Suba;2;1;0;0;4;0;468.050.121;-740.647.044;{E28A46F2-9110-419F-87DF-E0666EBEE682};;;editorTroncal;2023/12/14 21:42:19+00;13002;;;;TZ007
-740.931.038.428.063;46.375.220.932.091;31;3014;San Martín;10.011.585.475;10.088.842.936;Av Suba Cl 81;C;Suba;2;1;0;0;4;0;467.654.191;-7.406.706.598;{3F40B216-854D-48B0-8A9F-2468C2E3F2E2};;;editorTroncal;2023/12/14 23:05:52+00;6105;;;;TZ016
-741.016.447.409.151;465.086.907.677.994;32;4000;Portal 80;9.963.389.625;10.125.653.683;KR 96;D;Calle 80;0;0;1;353;1;1;470.982.948;-7.411.050.626;{0B54BC04-A361-418C-83A5-8D20E01679C6};;;editorTroncal;2023/12/14 21:42:19+00;6102;;;;TZ016
-74.098.688.592.532;462.032.238.784.883;33;4001;Quirigua;9.965.365.037;10.122.241.448;KR 94;D;Calle 80;1;1;0;0;4;0;470.674.385;-741.087.256;{78E414FE-2435-4CD9-841F-250A94BF1A42};;;editorTroncal;2023/12/14 21:06:42+00;12007;;;;TZ009
-74.193.138.463.716;45.921.791.878.596;34;4002;Carrera 90;9.969.983.875;10.119.960.859;KR 90;D;Calle 80;1;1;0;0;4;0;470.468.167;-7.410.456.241;{81970CE3-DEEB-4943-9F11-9D897BB8DC36};;;editorTroncal;2023/12/14 21:39:51+00;7505;;;;TZ011
-740.895.445.088.672;461.691.645.120.327;35;4003;AV. Cali;997.472.661;1.011.753.227;KR 86;D;Calle 80;1;1;0;0;2;0;470.248.563;-7.410.028.756;{F75B7D40-E28F-4B68-896B-701B10341FC2};;;TECNICA;2023/08/15 22:43:40+00;7110;;;;TZ008
-741.045.624.073.762;470.468.166.892.437;36;4100;Granja - Kr 77;9.979.466.228;10.113.841.234;KR 77 Bis;D;Calle 80;3;2;0;0;2;0;469.914.792;-7.409.601.551;{5B33774E-703A-4DE2-9C35-71B3513625A5};;;editorTroncal;2023/12/14 21:39:51+00;4002;;;;TZ005
-740.965.137.021.243;464.284.515.450.764;37;4101;Minuto de Dios;9.984.496.291;1.011.108.396;KR 73 A;D;Calle 80;1;1;0;0;4;0;46.966.546;-7.409.148.174;{75321FE8-2280-4443-B163-3EDCB4D8400C};;;editorTroncal;2023/12/14 21:42:19+00;6104;;;;TZ016
-741.995.304.785.893;458.897.740.427.352;38;4102;AV. Boyacá;9.989.343.543;10.108.095.358;Transversal 69 B;D;Calle 80;1;1;0;0;4;0;469.395.205;-7.408.711.277;{71133184-FBD7-4D9D-BF74-44426C9799EF};;;editorTroncal;2023/12/15 00:08:03+00;7504;;;;TZ011
-740.696.601.142.206;467.545.572.061.668;39;4103;Ferias;9.992.148.694;10.104.719.998;Transversal  67 Bis;D;Calle 80;1;1;0;0;4;0;469.089.972;-7.408.458.441;{1F14510C-9E0C-420B-85E1-8145041672B6};;;editorTroncal;2023/12/14 21:39:51+00;4107;;;;TZ005
-741.412.996.447.735;463.084.738.337.855;40;4104;AV. 68;9.996.714.633;10.098.998.381;KR 68D;D;Calle 80;1;1;0;0;4;0;468.572.564;-7.408.046.904;{9ACBD3ED-96EE-46A9-97A6-763F7E0C9E55};;;editorTroncal;2023/12/14 20:41:07+00;5101;;;;TZ009
-74.100.287.557.955;470.248.562.861.434;41;4105;Carrera 53;10.000.118.313;10.094.680.501;KR 53;D;Calle 80;1;1;0;0;4;0;468.182.095;-7.407.740.128;{0A29C78C-F780-4F83-9044-35A0E18ABDC7};;;editorTroncal;2023/12/14 21:18:43+00;4003;;;;TZ005
-740.868.737.198.931;47.388.331.242.969;42;4106;Carrera 47;10.004.290.753;10.090.462.255;KR 46;D;Calle 80;1;1;0;0;4;0;467.800.634;-7.407.364.067;{0E63C259-4F75-4DB4-A1AC-F1D4A82450E4};;;TECNICA;2023/08/15 22:43:40+00;3002;;;;TZ003
-740.904.800.216.583;461.301.485.145.833;43;4107;Escuela Militar;10.008.707.257;10.087.641.776;KR 40;D;Calle 80;2;1;0;0;4;0;467.545.572;-7.406.966.011;{AA3312B2-D370-45A0-86A5-F07C69E0BCAE};;;editorTroncal;2023/12/14 20:56:40+00;12003;;;;TZ009
-741.014.202.162.525;458.183.391.577.645;44;4108;Polo;1.001.415.651;10.082.374.749;Transversal 27;D;Calle 80;1;1;0;0;4;0;467.069.263;-7.406.474.882;{8D89A12A-619E-4A77-8E87-88FAB0050866};;;editorTroncal;2023/12/14 21:46:14+00;9104;;;;TZ012
-740.525.671.469.767;471.455.989.577.119;45;5000;Portal Américas;9.893.978.277;10.036.699.042;Av.Cali - CL 43 sur;F;Americas;0;0;1;785;1;1;46.293.813;-7.417.305.845;{87EBC353-BF9A-405D-90D9-99D2EB907FE5};;;editorTroncal;2023/12/14 21:39:51+00;2201;Valor NO al campo;Valor SI al campo;;TZ002
-74.043.569.459.161;476.881.826.510.841;46;5001;Patio Bonito;990.335.734;10.040.889.552;Av.Cali - CL 40 sur;F;Americas;4;2;0;0;4;0;463.317.191;-7.416.460.618;{3E88BBD2-27DB-40DE-9C33-141ABAABE054};;;editorTroncal;2023/12/14 21:00:34+00;2502;Valor NO al campo;Valor SI al campo;;TZ002
-740.590.124.330.061;467.599.399.036.829;47;5002;Biblioteca Tintal;9.909.195.881;1.004.611.658;Av.Cali - CL 26 sur;F;Americas;4;2;0;0;4;0;463.789.939;-741.593.448;{1B1C8FF9-5D6E-4172-8464-CE196FE8C879};;;editorTroncal;2023/12/14 21:39:51+00;2302;Valor SI al campo;Valor SI al campo;;TZ002
-740.472.693.194.002;474.618.812.017.487;48;5005;Transversal 86;9.917.275.244;10.042.024.413;Av. Americas -tv. 86;F;Americas;4;1;0;0;4;0;463.419.961;-7.415.206.292;{69E56C32-F9BC-471D-AB1A-056B0130CD0C};;;editorTroncal;2023/12/15 00:08:59+00;2101;Valor NO al campo;Valor SI al campo;;TZ002
-740.552.976.694.193;469.812.498.041.107;49;5100;Banderas;992.425.812;1.003.881.798;Av. Americas -KR 78;F;Americas;0;2;1;101;2;1;463.130.064;-7.414.576.938;{E187D8C1-6327-414F-BDFC-2565F9FB5457};;;editorTroncal;2023/12/14 21:39:51+00;2204;Valor SI al campo;Valor SI al campo;;TZ002
-740.576.959.102.626;468.394.667.443.732;50;5101;Mandalay;9.929.217.631;10.038.316.303;Av. Americas -KR 73;F;Americas;4;1;0;0;4;0;463.084.738;-7.414.129.964;{42E1634E-2CB3-492F-AA3F-5D51143A22A9};;;editorTroncal;2023/12/14 21:25:43+00;2300;Valor SI al campo;Valor SI al campo;;TZ002
-740.505.097.017.688;472.685.125.011.283;51;5102;AV. Américas - AV. Boyacá;9.937.067.434;10.037.503.983;Av. Americas -KR 71;F;Americas;4;1;1;32;4;1;46.301.134;-7.413.422.505;{B8FA9F6E-B702-48E9-A7C4-8D464CE71AE8};;;editorTroncal;2023/12/14 21:39:51+00;2105;Valor NO al campo;Valor SI al campo;;TZ002
-740.460.349.493.978;475.462.117.143.394;52;5103;Marsella;9.941.574.686;10.037.030.582;Av. Americas -KR 69C;F;Americas;6;1;1;32;4;1;462.968.561;-7.413.016.292;{86D54933-E9CE-4439-80CE-E9C36D930A61};;;editorTroncal;2023/12/14 21:39:51+00;2000;Valor SI al campo;Valor SI al campo;;TZ002
-740.444.038.712.243;476.333.017.285.406;53;5105;Pradera;9.954.323.612;10.035.754.478;Av. Americas -KR 64;F;Americas;4;1;1;32;4;1;462.853.238;-7.411.867.306;{A9C99311-4163-4E09-B7B4-E7650DD843C7};;;editorTroncal;2023/12/14 21:39:51+00;2001;Valor SI al campo;Valor SI al campo;;TZ002
-740.514.538.784.185;472.115.729.506.492;54;5107;Distrito Grafiti;9.962.192.913;10.035.039.181;Av. Americas -KR 53A;F;Americas;4;1;0;0;4;0;46.278.859;-7.411.158.095;{C181DAF1-5CB7-4305-8AB3-665C99CD40AD};;;editorTroncal;2023/12/14 21:11:34+00;2200;Valor NO al campo;Valor SI al campo;;TZ002
-740.498.216.437.422;473.089.336.422.896;55;6000;Portal El Dorado;9.951.306.531;10.094.442.454;KR 87;K;Calle 26;0;0;1;532;1;1;46.816.043;-7.412.139.545;{2CA3759A-A0E0-48D4-8599-524960ADC3BD};;;editorTroncal;2023/12/14 21:39:51+00;2104;Valor SI al campo;Valor NO al campo;;TZ002
-740.542.292.307.771;470.464.049.659.866;56;6001;Modelia;9.956.053.141;10.087.187.818;KR 84;K;Calle 26;4;1;0;0;4;0;467.504.413;-7.411.711.695;{52D87AFF-3799-4279-A1C8-109F255CC2EB};;;editorTroncal;2023/12/14 21:39:51+00;2202;Valor NO al campo;Valor SI al campo;;TZ002
-740.603.124.425.019;466.813.633.265.235;57;6002;Normandía;9.960.332.243;10.080.527.496;KR 73a;K;Calle 26;4;1;0;0;4;0;466.902.134;-7.411.325.992;{0DF4E81C-BAF8-4466-AC28-5ECF855DB3D1};;;editorTroncal;2023/12/14 21:39:51+00;2304;Valor SI al campo;Valor NO al campo;;TZ002
-740.479.860.185.776;47.419.128.397.675;58;6100;AV. Rojas;996.532.471;10.072.710.248;CL 26-KR 69 d;K;Calle 26;6;1;1;104;4;1;466.195.235;-7.410.875.996;{E237E407-7C7C-4161-A4FA-8C6F2E7DE43C};;;editorTroncal;2023/12/14 21:39:51+00;2102;Valor NO al campo;Valor NO al campo;;TZ002
-740.561.783.771.686;469.298.189.766.728;59;6101;El Tiempo – Cámara de Comercio de Bogotá;9.968.802.363;1.006.732.282;KR 68d;K;Calle 26;4;1;0;0;4;0;465.708.058;-7.410.562.544;{84C06C47-28B9-4B5F-B730-83BFF7ED12DF};;;editorTroncal;2023/12/14 21:39:51+00;2205;Valor NO al campo;Valor NO al campo;;TZ002
-740.492.175.563.305;473.458.515.728.539;60;6102;Salitre - El Greco;9.973.218.892;10.060.453.877;KR 66;K;Calle 26;4;1;0;0;4;0;465.086.908;-7.410.164.474;{262E5208-C370-4DA5-B1C4-0B10C3B95A4E};;;editorTroncal;2023/12/14 21:39:51+00;2103;Valor NO al campo;Valor NO al campo;;TZ002
-740.678.688.358.029;463.145.167.753.934;61;6103;CAN;9.976.100.435;10.056.043.582;KR 60;K;Calle 26;4;1;0;0;4;0;464.688.089;-7.409.904.759;{BEACDAB7-99E5-4447-80B5-E22B6CDA6F8C};;;editorTroncal;2023/12/14 21:47:01+00;9117;Valor SI al campo;;;TZ001
-740.774.012.808.525;46.818.209.473.412;62;6104;Gobernación;9.978.911.818;10.051.580.724;KR 54;K;Calle 26;4;1;0;0;4;0;464.284.515;-740.965.137;{C22094C6-83DE-4729-83F5-621B108355F9};;;editorTroncal;2023/12/14 21:39:51+00;4105;Valor SI al campo;;;TZ005
-740.644.479.461.701;467.561.896.197.162;63;6105;Quinta Paredes;9.982.695.154;10.045.694.308;KR 47;K;Calle 26;4;1;1;48;4;1;463.752.209;-7.409.310.384;{E1A51B2E-C528-4596-BDF9-26F284E43365};;;TECNICA;2023/08/15 22:43:40+00;7101;Valor SI al campo;;;TZ008
-740.937.065.192.363;45.769.371.097.173;64;6106;Recinto Ferial;9.986.478.889;10.042.146.898;KR 43;K;Calle 26;2;1;0;0;4;0;46.343.142;-7.408.969.371;{11D49CF9-B7B5-49C3-96BA-E815CB083F2E};;;editorTroncal;2023/12/14 21:13:18+00;10002;Valor SI al campo;;;TZ018
-740.818.916.044.267;460.543.098.167.938;65;6107;Ciudad Universitaria - Lotería de Bogotá;9.993.320.997;10.038.348.967;KR 34;K;Calle 26;2;2;0;0;4;0;463.087.977;-7.408.352.729;{84C171AA-B203-4DB5-8517-54E2C91131A7};;;editorTroncal;2023/12/14 20:27:21+00;14001;Valor SI al campo;;;TZ009
-741.881.159.553.195;459.460.133.847.051;66;6108;Concejo de Bogotá;9.996.923.657;10.032.933.903;KR 38;K;Calle 26;2;1;0;0;4;0;462.598.289;-7.408.028.041;{219A2ABC-78D4-443D-B7D6-095ED75EB820};;;editorTroncal;2023/12/14 20:38:06+00;7506;Valor SI al campo;;;TZ011
-740.620.685.403.827;465.823.884.249.961;67;6109;Centro Memoria;10.001.326.346;10.026.833.122;KR 20;K;Calle 26;2;2;0;0;4;0;46.204.659;-7.407.631.258;{F72F2D35-5C3C-494F-A9D1-02307E368E78};;;editorTroncal;2023/12/14 21:47:01+00;9122;Valor SI al campo;;;TZ001
-740.763.125.810.224;462.046.589.904.735;68;6111;Universidades;10.011.316.384;10.009.335.853;KR 4;K;Calle 26;2;2;0;0;3;0;460.464.286;-7.406.730.954;{3A8FC876-3240-4479-A039-BA81B3CB79A5};;;editorTroncal;2023/12/14 21:42:19+00;6109;PENDIENTE;;;TZ016
-741.014.166.764.251;462.280.517.131.233;69;7000;Portal Sur - JFK Coop. Financiera;9.898.035.272;10.000.904.772;AutoSur-Kr 82;G;NQS;0;0;1;220;1;1;459.701.269;-7.416.939.799;{8B902060-2234-4052-97FC-567C92F0BCA5};;;editorTroncal;2023/12/14 21:48:18+00;12001;Valor SI al campo;;;TZ009
-741.238.690.123.174;456.022.491.729.463;70;7001;Perdomo;990.294.728;9.999.536.265;AutoSur-Kr78C;G;NQS;2;1;0;0;4;0;459.577.569;-7.416.497.116;{46642201-C25D-4425-9680-AA6CDE85E4D4};;;editorTroncal;2023/12/14 21:46:14+00;9002;Valor SI al campo;;;TZ012
-740.804.280.711.814;460.287.397.308.485;71;7002;CC Paseo Villa del Río - Madelena;991.193.098;10.000.065.174;AutoSur-Kr67;G;NQS;2;1;0;0;4;0;459.625.493;-7.415.687.517;{D830EF50-FC3D-416D-BE9A-9A13550841A3};;;editorTroncal;2023/12/14 21:46:14+00;9110;Valor SI al campo;;;TZ001
-740.998.569.230.108;460.424.590.180.298;72;7003;Sevillana;992.243.603;999.878.285;Sevillana;G;NQS;2;1;0;0;4;0;459.509.631;-7.414.740.798;{E0348EB3-31DB-4725-9BC1-357A206432A4};;;TECNICA;2023/08/15 22:43:40+00;7112;Valor SI al campo;;;TZ008
-740.746.835.431.877;461.169.461.819.913;73;7004;Venecia;9.927.716.106;9.999.302.974;AutoSur-Av 54;G;NQS;2;1;0;0;4;0;459.556.711;-7.414.264.966;{53BBF0CB-532C-4779-ABF6-E217F4222C52};;;editorTroncal;2023/12/14 21:46:14+00;9113;Valor SI al campo;;;TZ001
-741.056.254.417.057;465.708.058.008.513;74;7005;Alquería;9.937.013.005;9.997.855.084;AutoSur  KR 48;G;NQS;2;1;0;0;4;0;459.425.849;-7.413.427.126;{92D04B1E-72B6-4726-A1B3-04C80C9BBC9A};;;editorTroncal;2024/01/11 18:34:29+00;6101;Valor SI al campo;;;TZ016
-741.593.447.977.059;463.789.938.843.966;75;7006;General Santander;9.942.257.629;9.997.092.032;AutoSur-Kr43;G;NQS;4;1;1;48;2;1;459.356.881;-741.295.448;{0E3A8EE4-6B9A-4B1D-B3AC-3B44D3C3B26F};;;editorTroncal;2023/12/14 21:39:51+00;5002;Valor SI al campo;;;TZ009
-740.903.382.444.227;458.153.243.276.756;76;7007;NQS - Calle 38A S;9.948.683.368;9.997.338.476;AutoSur - Kr 39A;G;NQS;2;1;0;0;4;0;459.379.207;-74.123.754;{EEB45730-31AC-45A4-AAFB-6DAF96D99A84};;;editorTroncal;2023/12/14 23:02:03+00;10003;Valor SI al campo;;;TZ018
-740.818.358.527.543;459.402.109.027.225;77;7008;NQS - Calle 30 S;9.955.202.287;999.844.359;AutoSur-Dg 26 Sur;G;NQS;2;1;0;0;4;0;459.479.179;-7.411.787.927;{DF06F5B3-31D2-4524-8506-454D988C4184};;;editorTroncal;2023/12/14 21:55:59+00;10005;Valor SI al campo;;;TZ018
-740.658.221.013.837;464.298.174.336.658;78;7009;SENA;9.963.232.583;10.001.294.773;AutoSur-Cl 17 S;G;NQS;2;1;0;0;4;0;459.737.052;-7.411.064.255;{F5123EEF-4001-43D9-B186-BC550597898E};;;editorTroncal;2023/12/14 21:47:01+00;9119;Valor SI al campo;;;TZ001
-7.413.038.805.048;457.030.190.418.495;79;7010;Bosa;9.884.911.911;10.000.758.352;Autopista Sur - Av Bosa;G;Soacha;2;1;0;0;4;0;459.687.865;-7.418.122.466;{CF4340F1-4877-4FAF-9B42-C7FC10D89F46};;;editorTroncal;2023/12/14 21:46:14+00;8002;Valor SI al campo;;;TZ014
-740.798.661.316.369;463.066.292.029.669;80;7101;La Castellana;10.014.490.234;10.087.822.377;KR 30 Kr 24;E;NQS;4;1;0;0;4;0;467.561.896;-7.406.444.795;{EBEED4AA-E9B3-4611-AC61-439982EF993F};;;editorTroncal;2023/12/14 20:24:06+00;7108;Valor SI al campo;;;TZ008
-740.721.518.900.298;461.664.490.260.165;81;7102;Calle 75 - Zona M;10.006.876.499;10.081.780.879;Kr 30 - Cl 75A;E;NQS;4;1;0;0;4;0;467.015.567;-7.407.131.021;{CFE0AD2E-303F-4C20-AE2F-4B997744E8ED};;;editorTroncal;2023/12/14 21:46:14+00;9114;Valor SI al campo;;;TZ001
-741.342.712.583.796;45.942.584.849.617;82;7103;AV. Chile;10.003.269.067;10.077.562.952;Kr 30 Cl 72;E;NQS;6;2;0;0;4;0;466.634.138;-7.407.456.156;{6774148C-7C04-4CBD-BC27-93AB2F2A058C};;;editorTroncal;2023/12/14 21:11:59+00;7005;Valor SI al campo;;;TZ010
-741.812.246.584.018;459.687.865.317.087;83;7104;7 de Agosto;9.999.828.049;10.067.554.525;Kr 30 CL 63;E;NQS;2;1;0;0;4;0;465.729.068;-7.407.766.289;{35273BDA-D34F-4267-95B9-C49C461D9C53};;;editorTroncal;2023/12/14 20:24:45+00;7507;Valor SI al campo;;;TZ010
-740.841.673.360.414;462.341.043.580.574;84;7105;Movistar Arena;9.999.070.205;10.059.534.981;Kr 30 Cl 57;E;NQS;2;1;0;0;4;0;465.003.852;-7.407.834.591;{C3B3D9F4-C30B-459D-9496-AA9CBFE450E1};;;TECNICA;2023/08/15 22:43:40+00;7109;Valor SI al campo;;;TZ008
-741.457.693.836.851;463.130.063.745.167;85;7106;Campín - UAN;9.998.678.276;1.005.440.124;Kr 30 Cl 53;E;NQS;2;2;0;0;4;0;464.539.603;-7.407.869.913;{ADD8E881-2952-484A-968E-D0E992ECF021};;;editorTroncal;2023/12/14 21:39:51+00;5100;Valor SI al campo;;;TZ009
-740.768.581.722.259;460.786.106.095.154;86;7107;Universidad Nacional;9.997.988.106;10.045.248.136;Kr 30 Cl 45;E;NQS;3;2;0;0;4;0;463.711.879;-7.407.932.113;{3E972438-9DA9-407B-919B-66BEE7D9A7EF};;;editorTroncal;2023/12/14 21:46:14+00;9111;Valor SI al campo;;;TZ001
-740.791.086.066.752;460.304.793.053.919;87;7108;AV. ElDorado;9.997.383.359;10.038.109.144;Kr 30 Av 28;E;NQS;1;1;0;0;4;0;463.066.292;-7.407.986.613;{F4282057-CEBC-431E-9178-602615311D01};;;editorTroncal;2023/12/14 21:47:01+00;14003;Valor SI al campo;;;TZ015
-740.783.459.056.279;465.003.852.326.539;88;7109;CAD;999.261.073;10.030.089.268;Kr 30 Cl 26;E;NQS;2;2;0;0;4;0;462.341.044;-7.408.416.734;{153ADDBA-6C76-4D65-B106-95599D1A0DFF};;;TECNICA;2023/08/15 22:43:40+00;7105;Valor SI al campo;;;TZ008
-74.068.691.056.891;462.689.711.127.706;89;7110;Paloquemao;9.986.644.115;10.022.908.202;Kr 30 Cl 19;E;NQS;2;1;0;0;4;0;461.691.645;-7.408.954.451;{33BFDDC7-492D-41F1-98A8-888D0AAA013D};;;editorTroncal;2023/12/14 21:12:44+00;9116;Valor SI al campo;;;TZ001
-740.612.601.610.916;466.303.046.363.412;90;7111;Ricaurte - NQS;9.981.845.634;10.017.124.604;Kr 30 Cl 10;E;NQS;3;2;1;165;3;1;46.116.862;-7.409.386.888;{5E6C70C2-3B15-47E8-B98E-1605935EB53A};;;editorTroncal;2023/12/14 21:47:01+00;9123;Valor SI al campo;;;TZ001
-740.648.617.313.407;464.840.372.288.738;91;7112;Comuneros;997.520.095;1000889.72;KR 30 -Cl 6A;G;NQS;2;2;0;0;4;0;46.042.459;-7.409.985.692;{536B1ED7-5DA4-498C-9963-6DF31143B7B3};;;editorTroncal;2023/12/14 21:47:01+00;9120;Valor SI al campo;;;TZ001
-740.596.400.231.553;467.231.509.806.277;92;7113;Santa Isabel;9.972.144.724;10.006.045.699;Kr 30 Av 3;G;NQS;2;1;0;0;4;0;460.166.717;-7.410.261.112;{7BA12C0B-3FAD-4085-B1B6-464E608E6DBE};;;editorTroncal;2023/12/14 21:39:51+00;2303;Valor SI al campo;Valor SI al campo;;TZ002
-741.178.792.660.969;459.479.179.421.763;93;7200;Tygua - San José;998.750.933;10.003.961.343;kr 18;E;Calle 6;4;2;0;0;4;0;459.978.261;-7.408.876.449;{CACA1546-48E9-4936-A6F2-55E42FEA37FF};;;EESTACION;2023/08/15 22:54:31+00;7008;Valor SI al campo;;;TZ010
-740.986.314.921.589;457.141.438.704.361;94;7201;Guatoque - Veraguas;9.980.670.914;10.008.822.818;kr 27;E;Calle 6;4;2;0;0;4;0;460.417.878;-7.409.492.737;{AD973BC1-85EB-4438-8F19-F3AE385AB383};;;editorTroncal;2023/12/14 21:53:40+00;10001;Valor SI al campo;;;TZ018
-740.736.406.707.842;467.800.633.873.993;95;7503;San Mateo - CC Unisur;9.858.016.742;9.988.713.923;Autopista Sur - Kr 33;G;Soacha;3;1;1;650;2;1;458.598.283;-7.420.546.046;{B333C4BD-1159-40F9-B25B-029D17773219};;;editorTroncal;2023/12/14 21:39:51+00;4106;Valor SI al campo;;;TZ005
-74.110.506.257.108;470.982.947.984.633;96;7504;Terreros - Hospital Cardio Vascular;986.459.755;9.992.024.228;Autopista Sur - Av Terreros;G;Soacha;3;1;0;0;4;0;45.889.774;-7.419.953.048;{189FB8BE-5612-4CEA-BFB3-A4DAFD45A8FD};;;editorTroncal;2023/12/14 21:39:51+00;4000;PENDIENTE;;;TZ005
-7.410.736.095.035;457.890.853.330.027;97;7505;León XIII;9.871.691.037;9.995.563.635;Autopista Sur - CL 48;G;Soacha;2;1;0;0;4;0;459.217.919;-7.419.313.846;{AEBA47DB-9C7D-4B64-9F4A-86D39A23ED2A};;;editorTroncal;2023/12/14 21:46:14+00;9103;Valor SI al campo;;;TZ012
-741.218.339.451.757;455.705.943.707.859;98;7506;La Despensa;9.877.264.664;9.998.241.207;Autopista Sur - Kr 20A;G;Soacha;2;1;0;0;4;0;459.460.134;-7.418.811.596;{73AE7786-CEBB-45E3-BE44-E44E0555A801};;;editorTroncal;2023/12/14 21:46:14+00;9001;Valor SI al campo;;;TZ012
-740.939.263.692.018;458.628.563.098.092;99;8000;Portal Tunal;9.931.496.917;9.970.556.271;Av. Boyaca - Av Villavicencio;H;Tunal;0;0;0;0;1;0;456.957.146;-7.413.924.019;{99727137-A5A8-4796-BF0E-8229E8049A53};;;editorTroncal;2023/12/14 21:46:14+00;9106;Valor SI al campo;;;TZ012
-740.747.264.577.321;472.733.704.730.468;100;8001;Parque;9.935.737.711;9.969.189.482;CL 55 Sur;H;Tunal;2;1;0;0;4;0;456.833.577;-7.413.541.846;{3B8956D5-F1A1-4F0A-ABB5-5B26E6196B48};;;TECNICA;2023/08/15 22:43:40+00;3004;Valor SI al campo;;;TZ003
-741.186.730.633.572;462.853.237.808.737;101;8002;Biblioteca;9.941.320.024;9.971.363.229;CL 48A Sur;H;Tunal;2;1;0;0;4;0;45.703.019;-7.413.038.805;{3B9CE75E-1813-4DC2-A5A2-ED420A7C1FE8};;;editorTroncal;2023/12/14 21:39:51+00;5105;Valor SI al campo;;;TZ009
-740.743.188.453.787;460.606.079.266.802;102;9000;Portal Usme;9.953.520.772;9.928.692.056;CL 65C Sur;H;Caracas;0;0;0;0;1;0;453.171.458;-7.411.939.098;{51955B01-E96E-4D96-88D4-30D2B409C73B};;;editorTroncal;2023/12/14 23:03:35+00;10007;Valor SI al campo;;;TZ018
-741.171.169.508.407;467.504.412.658.905;103;9001;Molinos;9.950.811.436;995.671.889;KR 9A;H;Caracas;2;2;0;0;2;0;455.705.944;-7.412.183.395;{B6E3A9BB-B0E9-4D54-B82B-8E3ABB63042B};;;editorTroncal;2023/12/14 21:39:51+00;6001;Valor SI al campo;;;TZ016
-74.121.395.448.976;468.160.430.284.573;104;9002;Consuelo;9.948.553.348;9.960.219.462;KR 11A - KR 10C;H;Caracas;2;1;0;0;4;0;456.022.492;-7.412.386.901;{D70CCE5C-62F9-4627-A093-19138C5781F4};;;editorTroncal;2023/12/14 20:49:56+00;6000;Valor SI al campo;;;TZ016
-740.630.213.211.557;465.490.595.741.051;105;9003;Socorro;9.946.662.537;996.512.182;KR 16B - KR 14A;H;Caracas;2;2;0;0;4;0;456.465.807;-7.412.557.321;{13FD02B4-3E3D-4B5D-AFB5-067E6D937BD7};;;editorTroncal;2023/12/21 14:59:13+00;9121;Valor SI al campo;;;TZ001
-740.728.975.941.571;46.011.607.216.041;106;9004;Santa Lucía;9.947.637.255;9.972.094.679;CL 46A Sur - Diagonal 4;H;Caracas;2;2;0;0;4;0;457.096.376;-7.412.469.525;{AAE0C54B-7DF7-498C-94B4-3D38A29B7982};;;editorTroncal;2023/12/14 20:41:07+00;14004;Valor SI al campo;;;TZ015
-741.295.447.993.976;45.935.688.094.538;107;9100;Calle 40 Sur;9.952.743.838;9.977.502.041;CL 38 Sur - CL 40 Su;H;Caracas;3;2;0;0;2;0;457.585.399;-7.412.009.368;{62FF42DB-FD2B-404E-B68D-8420A21F7951};;;EESTACION;2023/08/15 22:54:31+00;7006;Valor SI al campo;;;TZ010
-741.693.979.868.057;459.701.268.579.803;108;9101;Quiroga;9.959.087.432;9.978.543.104;CL 31 Sur - CL 32 Su;H;Caracas;2;1;0;0;4;0;457.679.575;-7.411.437.708;{42FCD157-1F16-4F6B-8774-07E3EDDD3B5F};;;editorTroncal;2023/12/14 21:42:19+00;7000;PENDIENTE;;;TZ010
-740.970.083.933.887;456.571.810.967.296;109;9103;Olaya;9.966.873.113;9.980.879.086;CL 24 Sur - CL 27 Su;H;Caracas;2;1;0;0;4;0;457.890.853;-7.410.736.095;{6411EA21-81F2-4DA5-9188-C8BFB56BA9E5};;;EESTACION;2023/08/15 22:54:31+00;10500;Valor SI al campo;;;TZ018
-740.711.404.665.779;470.653.717.316.555;110;9104;Restrepo;997.346.545;9.984.113.767;CL 19 Sur - Av. 1 de M;H;Caracas;2;2;0;0;4;0;458.183.392;-7.410.142.022;{B1F00793-4215-4A98-9A98-B1AFB8968568};;;editorTroncal;2023/12/14 21:39:51+00;3007;Valor SI al campo;;;TZ003
-741.354.184.565.152;456.833.577.113.367;111;9105;Fucha;9.975.709.003;9.985.363.008;CL 13 Sur - CL 16 Su;H;Caracas;2;1;0;0;4;0;458.296.368;-7.409.939.841;{572A69F2-2C37-4036-9B1A-E076D24E586E};;;editorTroncal;2023/12/14 21:46:14+00;8001;Valor SI al campo;;;TZ014
-740.869.209.536.273;458.625.693.638.222;112;9106;Nariño;9.981.781.194;9.989.036.301;CL 8 Sur - CL 11 Sur;H;Caracas;2;1;0;0;4;0;458.628.563;-7.409.392.637;{6DF3987A-1ADB-446F-9067-84D61FE50A49};;;editorTroncal;2023/12/14 23:02:26+00;10004;Valor SI al campo;;;TZ018
-740.692.264.594.369;461.524.712.039.083;113;9107;Hortúa;9.985.874.635;9.994.072.808;CL 1 Sur - CL 3 Sur;H;Caracas;2;2;0;0;4;0;459.084.028;-7.409.023.752;{8E08FD2C-A5E8-4EE5-81D1-EFA48D7180F6};;;editorTroncal;2023/12/14 21:55:59+00;10009;Valor SI al campo;;;TZ019
-740.862.201.374.238;459.504.554.342.286;114;9108;Hospital;9.990.332.565;9.998.722.984;CL 4 - CL 2;H;Caracas;2;1;0;0;4;0;459.504.554;-7.408.622.014;{ABE53C55-F997-4ABC-AD34-4862B94D9A81};;;editorTroncal;2023/12/14 21:46:14+00;9108;Valor SI al campo;;;TZ012
-741.132.599.179.179;466.902.134.453.803;115;9109;Tercer Milenio;9.992.976.313;10.002.130.552;CL 8 - CL 6;A;Caracas;3;2;0;0;4;0;459.812.707;-7.408.383.764;{B275FCA6-2E77-4A22-9003-1161B048A9D3};;;editorTroncal;2023/12/14 20:49:56+00;6002;Valor SI al campo;;;TZ016
-741.649.711.640.451;459.577.568.831.044;116;9110;AV. Jiménez - Caracas;9.996.759.713;1.000.737.972;CL 13 - CL 11;A;Caracas;4;2;0;0;3;0;460.287.397;-7.408.042.807;{61AAA51C-F036-4D99-B895-E3DCA2F52D47};;;EESTACION;2023/08/15 22:54:31+00;7001;Valor SI al campo;;;TZ010
-740.902.375.162.808;459.084.027.663.984;117;9111;Calle 19;1.000.072.097;10.012.894.507;CL 19 - CL 17;A;Caracas;3;2;0;0;4;0;460.786.106;-7.407.685.817;{B3BAE53E-3586-4D52-95FD-88F5F8375C0E};;;editorTroncal;2023/12/14 21:46:14+00;9107;Valor SI al campo;;;TZ012
-7.411.939.097.825;453.171.457.490.271;118;9113;Calle 22;10.003.133.967;10.017.133.716;CL 24 - CL 22;A;Caracas;3;2;0;0;4;0;461.169.462;-7.407.468.354;{84A849F8-F7AC-4340-94CB-796846021FE9};;;editorTroncal;2023/12/14 21:46:14+00;9000;Valor SI al campo;;;TZ013
-740.845.844.104.445;469.089.971.757.193;119;9114;Calle 26;10.005.943.086;10.022.607.829;Avenida CL 28 - CL 2;A;Caracas;3;2;0;0;4;0;46.166.449;-7.407.215.189;{E2254DE4-9BB4-44F6-96A6-3BD971A8663D};;;TECNICA;2023/08/15 22:43:40+00;4103;Valor SI al campo;;;TZ005
-740.667.693.895.375;463.755.688.214.794;120;9115;Calle 34;10.008.604.241;10.028.071.726;Avenida CL 34 - CL 3;A;Caracas;3;2;0;0;4;0;462.158.594;-7.406.975.355;{F9726C5B-D453-4DAC-ADC3-E196B6A2A772};;;editorTroncal;2023/12/14 21:47:01+00;9118;Valor SI al campo;;;TZ001
-741.646.061.787.565;463.317.191.000.658;121;9116;AV. 39;10.009.783.111;10.033.944.912;Avenida 39;A;Caracas;3;2;0;0;4;0;462.689.711;-7.406.869.106;{08E91FE5-B06D-42D7-BC1A-E71D3C65DAF5};;;editorTroncal;2023/12/14 21:39:51+00;5001;Valor SI al campo;;;TZ009
-741.392.401.904.401;456.957.145.498.919;122;9117;Calle 45 - American School Way;10.010.695.372;10.038.981.432;CL 45 - CL 42A;A;Caracas;3;2;0;0;4;0;463.145.168;-7.406.786.884;{B30EAA23-4E9C-4FA9-A2B2-B3DD171F677A};;;editorTroncal;2023/12/14 21:42:19+00;8000;Valor SI al campo;;;TZ014
-740.993.984.146.057;458.296.368.349.343;123;9118;Marly;10.011.915.198;10.045.732.678;CL 51 - CL 49;A;Caracas;3;2;0;0;4;0;463.755.688;-7.406.676.939;{97103412-19BE-41CE-95A1-23DBEAA6BD70};;;editorTroncal;2023/12/14 21:46:14+00;9105;Valor SI al campo;;;TZ012
-740.914.817.444.897;469.665.459.943.687;124;9119;Calle 57;10.012.966.186;1.005.173.159;CL 57 - CL 54;A;Caracas;3;2;0;0;4;0;464.298.174;-740.658.221;{2C99DD9E-CDF5-404D-A308-862E8F38F0D9};;;editorTroncal;2023/12/14 21:39:51+00;4101;Valor SI al campo;;;TZ005
-74.173.058.452.396;462.938.130.206.542;125;9120;Calle 63;10.014.031.673;10.057.727.318;CL 63 - CL 60;A;Caracas;3;2;0;0;4;0;464.840.372;-7.406.486.173;{F5D6839F-4E24-41DA-9CDB-E6695E1AC7AF};;;editorTroncal;2023/12/14 21:39:51+00;5000;Valor SI al campo;;;TZ009
-740.684.014.294.093;46.025.797.484.377;126;9121;Flores – Areandina;10.016.073.567;10.064.917.631;CL 69  - CL 67;A;Caracas;2;2;0;0;4;0;465.490.596;-7.406.302.132;{F9FE2D46-3B0E-4573-B201-518759A3B60E};;;editorTroncal;2024/01/02 14:36:55+00;14005;Valor SI al campo;;;TZ015
-740.942.788.928.034;474.681.506.387.591;127;9122;Calle 72;10.017.130.642;10.068.603.211;CL 72 - CL 70A;A;Caracas;3;2;0;0;4;0;465.823.884;-7.406.206.854;{FE62F830-742F-43FE-8689-225325CA6CF8};;;editorTroncal;2023/12/06 19:01:36+00;3000;Valor SI al campo;;;TZ003
-740.747.265.572.573;47.213.621.215.039;128;9123;Calle 76 - San Felipe;10.018.027.451;10.073.901.883;CL 76 - CL 74;A;Caracas;3;2;0;0;4;0;466.303.046;-7.406.126.016;{2A589BA2-1BC9-412B-A19D-F9CCC1C1608A};;;editorTroncal;2023/12/14 20:59:49+00;3005;Valor SI al campo;;;TZ003
-741.246.952.499.068;457.096.376.034.115;129;10000;Portal 20 de Julio;9.978.360.595;9.966.292.544;Kra 5 a Cl 33 Sur;L;Cr 7-10;0;0;1;216;1;1;456.571.811;-7.409.700.839;{79BCF4D9-3955-4B51-8220-7ED32D4BA0D3};;;editorTroncal;2023/12/14 21:46:14+00;9004;Valor SI al campo;;;TZ012
-740.670.659.762.404;467.654.190.668.667;130;10001;Country Sur;997.655.965;9.972.591.614;Kra 10- CL 28 Sur;L;Cr 7-10;2;2;0;0;4;0;457.141.439;-7.409.863.149;{A4FD2EFA-6A3D-4929-B2B7-A6FF0F2B40CF};;;TECNICA;2023/08/15 22:43:40+00;3014;Valor SI al campo;;;TZ003
-740.673.095.387.839;460.464.285.849.769;131;10002;AV. 1 Mayo;9.982.024.918;9.978.698.573;AV. 1 Mayo con KR 7;L;Cr 7-10;3;2;0;0;4;0;457.693.711;-7.409.370.652;{18CF8D0E-B271-4272-8498-9B1F1474DAFF};;;editorTroncal;2023/12/14 21:42:19+00;6111;Valor SI al campo;;;TZ016
-741.026.111.159.888;46.016.671.664.805;132;10003;Ciudad Jardín - UAN;9.985.762.678;9.983.780.068;Kra 10- CL 12 sur;L;Cr 7-10;2;1;0;0;4;0;458.153.243;-7.409.033.824;{503F366F-6753-4C5A-8410-3F44C414437B};;;TECNICA;2023/08/15 22:43:40+00;7113;Valor SI al campo;;;TZ008
-740.631.525.600.425;468.457.457.896.704;133;10004;Policarpa;9.989.554.783;998.900.443;Kra 10- CL 3 sur;L;Cr 7-10;2;2;0;0;4;0;458.625.694;-7.408.692.095;{E79709CE-7D66-4A70-B85A-7EC71213B208};;;TECNICA;2023/08/15 22:43:40+00;3012;Valor SI al campo;;;TZ003
-741.046.401.515.891;46.256.689.147.459;134;10005;Bicentenario;9.995.197.539;9.997.590.085;Kra 10 -CL 5;L;Cr 7-10;0;2;1;116;2;1;459.402.109;-7.408.183.585;{CF93DDE1-D9C6-40D0-A714-95DF9A0D8418};;;editorTroncal;2023/12/14 20:55:57+00;12000;Valor SI al campo;;;TZ009
-741.143.770.815.714;457.679.575.078.242;135;10006;San Victorino;10.000.112.959;10.005.327.695;Kra 10- CL 12;L;Cr 7-10;3;2;0;0;4;0;460.101.831;-7.407.740.612;{BE492F02-40C8-4F4C-9B28-AC9DB7A0AF7B};;;editorTroncal;2023/12/14 21:46:14+00;9101;Valor SI al campo;;;TZ012
-740.671.414.357.004;469.329.093.725.361;136;10007;Las Nieves;10.003.538.669;10.010.903.752;Kra 10- CL 18;L;Cr 7-10;2;2;0;0;4;0;460.606.079;-7.407.431.885;{0A930F12-505B-4759-9CB4-F4951ED24A08};;;TECNICA;2023/08/15 22:43:40+00;3010;Valor SI al campo;;;TZ003
-740.774.061.180.051;460.101.831.025.173;137;10008;San Diego;10.006.670.148;10.016.252.083;Kra 10- CL 23;L;Cr 7-10;2;2;0;0;4;0;461.089.733;-740.714.967;{EAA9BB41-4ADC-4F1C-90A0-87CEEDB0A7D8};;;editorTroncal;2023/12/14 23:03:03+00;10006;Valor SI al campo;;;TZ018
-74.156.875.173.478;459.625.493.385.417;138;10009;Museo Nacional;10.009.189.183;10.021.062.172;Kra 7- CL 32;M;Cr 7-10;0;1;0;0;4;0;461.524.712;-7.406.922.646;{DBB00BB3-CC9C-4EB6-AE19-445643E4939B};;;editorTroncal;2023/12/15 00:07:17+00;7002;Valor SI al campo;;;TZ010
-742.054.604.568.363;458.598.282.663.535;139;10010;San Bernardo;9.992.441.864;9.993.353.793;Kra 10- CL 1b  sur;L;Cr 7-10;2;2;0;0;4;0;459.019.014;-7.408.431.921;{667031D6-05CD-4877-B67A-A7E84FF54E8F};;;editorTroncal;2023/12/15 00:03:36+00;7503;Valor SI al campo;;;TZ011
-741.474.079.794.275;459.509.630.641.343;140;12000;Puente Aranda;9.969.894.255;10.032.587.268;CL 13 KR 47;F;Americas;2;1;0;0;4;0;462.566.891;-7.410.464.015;{BFD31B27-BC7D-4C11-9E6F-1194F7DB3BDA};;;EESTACION;2023/08/15 22:54:31+00;7003;Valor SI al campo;;;TZ010
-740.647.044.028.963;468.050.120.918.969;141;12001;Carrera 43 - Comapan;9.973.470.895;10.029.420.369;Av. Americas -KR 43;F;Americas;2;2;0;0;4;0;462.280.517;-7.410.141.668;{EDE53DA0-92A0-4022-BB3B-4B923CA3CDDA};;;TECNICA;2023/08/15 22:43:40+00;3013;Valor SI al campo;;;TZ003
-740.698.391.891.041;469.924.028.994.618;142;12002;CDS - Carrera 32;9.981.752.605;10.022.041.604;Av. Americas -KR 32;F;Americas;2;2;0;0;4;0;461.613.269;-7.409.395.282;{F9D7F2ED-8EA0-4C82-A2BC-279533BC3A5E};;;editorTroncal;2023/12/14 21:39:51+00;3009;Valor SI al campo;;;TZ003
-740.843.192.067.536;459.019.014.430.741;143;12003;Ricaurte - CL 13;9.985.605.985;10.018.593.774;CL 13 - KR 28;F;Americas;3;2;0;0;3;0;461.301.485;-7.409.048.002;{3F41BFA1-62D1-4269-8551-3CF9A50DEF5F};;;editorTroncal;2023/12/14 21:56:38+00;10010;Valor SI al campo;;;TZ018
-741.106.425.459.727;45.973.705.235.716;144;12004;San Facon Carrera 22;9.989.786.699;10.015.058.574;Av. Americas -KR 22;F;Americas;2;2;0;0;4;0;460.981.799;-7.408.671.226;{DE976F15-2C50-4396-9775-C881DBD0691E};;;EESTACION;2023/08/15 22:54:31+00;7009;Valor SI al campo;;;TZ010
-740.867.122.575.791;460.981.799.088.002;145;12007;Zona Industrial;9.976.497.889;10.026.674.774;CL 13 KR 38;F;Americas;2;2;0;0;4;0;462.032.239;-7.409.868.859;{C8F73928-2752-48D4-9483-22BB6A632632};;;editorTroncal;2023/12/14 20:58:15+00;12004;Valor SI al campo;;;TZ009
-741.255.732.090.374;456.465.806.494.611;146;14001;De La Sabana;9.995.135.752;10.010.207.305;CL 13 - KR 16;F;Americas;2;2;0;0;4;0;460.543.098;-740.818.916;{21385525-A7DE-4947-84C5-13B47354EA84};;;editorTroncal;2023/12/14 21:46:14+00;9003;Valor SI al campo;;;TZ012
-740.808.536.025.439;473.543.402.324.895;147;14003;AV. Jiménez - CL 13;9.998.223.829;1.000.757.208;CL 13 - caracas;F;Americas;3;2;0;0;3;0;460.304.793;-7.407.910.861;{5979BDED-AFD3-4A92-BD68-71CAFE2E1082};;;TECNICA;2023/08/15 22:43:40+00;3003;Valor SI al campo;;;TZ003
-740.697.535.508.591;462.158.594.027.495;148;14004;Museo del Oro;10.005.115.758;10.005.485.192;KR 2;J;Eje Ambiental;1;2;0;0;4;0;460.116.072;-7.407.289.759;{FA72C80D-3AC6-44AD-8B5C-488452D5287A};;;editorTroncal;2023/12/14 21:47:01+00;9115;Valor SI al campo;;;TZ001
-741.426.496.597.451;459.556.711.085.458;149;14005;Las Aguas - Centro Colombo Americano;10.010.104.823;1.000.705.442;KR 4;J;Eje Ambiental;1;2;0;0;3;0;460.257.975;-7.406.840.143;{1232BDBD-D8A6-4583-8226-9E58769A72DF};;;EESTACION;2023/08/15 22:54:31+00;7004;Valor SI al campo;;;TZ010
